Auflage_DB_ID,Bescheid_ID,GZ,Auflagen_ID_laut_Bescheid,Auflagentyp,Auflagentext,Zielsystem,GSA_ID,GSA_Name,Frist,Intervall,Status,Rueckmeldung_am,Bemerkung
AUF-000001,B-200802180001,WA1-W-21395/704,30. Ölbindemittel bereit,Ölbindemittel bereitstellen,Ölbindemittel sind in einem verschlossenen Behälter vor Ort vorzuhalten.,EBauH,GSA-002,GSA02,,EINM,Produktiv,17.08.2025,
AUF-000002,B-200802180001,WA1-W-21395/704,21. Baustellensicherung ,Baustellensicherung durchführen,Die Baustelle ist gemäß §90 StVO abzusichern.,EBauH,GSA-002,GSA02,,BEGL,Produktiv,03.05.2026,
AUF-000003,B-200802180001,WA1-W-21395/704,29. Baustellenabwasser b,Baustellenabwasser behandeln,Anfallende Bauwässer sind vor Einleitung in das Gewässer zu behandeln.,EBauH,GSA-002,GSA02,,BEGL,Produktiv,22.10.2025,
AUF-000004,B-200802180001,WA1-W-21395/704,2. Mahd durchführen,Mahd durchführen,Die Uferböschungen sind jährlich zu mähen.,EBeH,GSA-002,GSA02,04.05.2029,2x_jährlich,Produktiv,01.01.2026,
AUF-000005,B-200802180001,WA1-W-21395/704,14. Schieber kontrollier,Schieber kontrollieren,Sämtliche Armaturen sind regelmäßig auf Dichtheit zu kontrollieren.,EBeH,GSA-001,GSA01,10.03.2030,jährlich,Produktiv,04.02.2026,
AUF-000006,B-200802180001,WA1-W-21395/704,39. Rückhaltebecken insp,Rückhaltebecken inspizieren,Eine jährliche Begehung und Inspektion des Rückhaltebeckens ist durchzuführen.,EBeH,GSA-002,GSA02,08.01.2029,halbjährlich,Produktiv,05.09.2025,
AUF-000007,B-200802180001,WA1-W-21395/704,34. Betriebsbuch führen,Betriebsbuch führen,Über alle Betriebsvorgänge ist ein Betriebsbuch zu führen.,EBeH,GSA-001,GSA01,,laufend,Produktiv,04.05.2026,
AUF-000008,B-200802180001,WA1-W-21395/704,32. Neophyten entfernen,Neophyten entfernen,Invasive Neophyten sind unverzüglich nach Auftreten zu entfernen und fachgerecht zu entsorgen.,GUSTAV,GSA-001,GSA01,25.09.2029,jährlich,Produktiv,28.06.2025,
AUF-000009,B-200802180001,WA1-W-21395/704,46. Zink messen,Zink messen,Die Zinkkonzentration im Gewässer ist jährlich zu bestimmen.,Probenahmeübersichtsplan,GSA-002,GSA02,28.01.2031,jährlich,Produktiv,30.10.2025,
AUF-000010,B-200802180001,WA1-W-21395/704,15. KW-Index messen,KW-Index messen,Die Konzentration an Mineralölkohlenwasserstoffen ist regelmäßig zu kontrollieren.,Probenahmeübersichtsplan,GSA-001,GSA01,07.02.2029,halbjährlich,Produktiv,27.06.2025,
AUF-000011,B-200802180001,WA1-W-21395/704,31. Inspektionselement g,Inspektionselement georeferenzieren,Die Lage der Gewässerschutzanlage ist geodätisch zu bestimmen und im GIS zu erfassen.,GIS,GSA-002,GSA02,,EINM,Produktiv,11.11.2025,
AUF-000012,B-201405300002,WA1-W-10851/877,45. Mahd durchführen,Mahd durchführen,Die Uferböschungen sind jährlich zu mähen.,EBeH,GSA-003,GSA03,05.06.2029,2x_jährlich,Produktiv,29.01.2026,
AUF-000013,B-201405300002,WA1-W-10851/877,15. Sedimente entfernen,Sedimente entfernen,"Das Rückhaltebecken ist bei Bedarf, mindestens jedoch alle 3 Jahre zu räumen.",EBeH,GSA-003,GSA03,11.11.2028,3-jährlich,Produktiv,10.03.2026,
AUF-000014,B-201405300002,WA1-W-10851/877,48. Schieber kontrollier,Schieber kontrollieren,Die Schieber und Absperrorgane sind jährlich auf Funktionstüchtigkeit zu prüfen.,EBeH,GSA-003,GSA03,15.02.2028,jährlich,Produktiv,10.03.2026,
AUF-000015,B-201405300002,WA1-W-10851/877,18. Rückhaltebecken insp,Rückhaltebecken inspizieren,Eine jährliche Begehung und Inspektion des Rückhaltebeckens ist durchzuführen.,EBeH,GSA-002,GSA02,03.03.2030,halbjährlich,Produktiv,26.04.2026,
AUF-000016,B-201405300002,WA1-W-10851/877,19. Betriebsbuch führen,Betriebsbuch führen,Über alle Betriebsvorgänge ist ein Betriebsbuch zu führen.,EBeH,GSA-002,GSA02,,laufend,Produktiv,14.12.2025,
AUF-000017,B-201405300002,WA1-W-10851/877,1. §134 Überprüfung dur,§134 Überprüfung durchführen,Die Anlage ist gemäß §134 WRG einer periodischen Überprüfung zu unterziehen.,EBeH,GSA-002,GSA02,24.02.2029,10-jährlich,Produktiv,27.01.2026,
AUF-000018,B-201405300002,WA1-W-10851/877,36. Neophyten entfernen,Neophyten entfernen,Vorkommen von Japanknöterich (Fallopia japonica) sind regelmäßig zu kontrollieren und zu bekämpfen.,GUSTAV,GSA-001,GSA01,05.10.2027,jährlich,Produktiv,24.06.2025,
AUF-000019,B-201405300002,WA1-W-10851/877,49. Pflegeplan einhalten,Pflegeplan einhalten,Der Pflegeplan ist jährlich umzusetzen und die Maßnahmen sind zu dokumentieren.,GUSTAV,GSA-002,GSA02,12.01.2031,jährlich,Produktiv,25.04.2026,
AUF-000020,B-201405300002,WA1-W-10851/877,19. Neophytenmonitoring ,Neophytenmonitoring durchführen,Eine jährliche Bestandserhebung invasiver Arten ist durchzuführen.,GUSTAV,GSA-001,GSA01,03.09.2030,jährlich,Produktiv,14.10.2025,
AUF-000021,B-201405300002,WA1-W-10851/877,12. Zink messen,Zink messen,Der Parameter Zink ist jährlich im Ablauf des Rückhaltebeckens zu messen.,Probenahmeübersichtsplan,GSA-004,GSA04,13.05.2029,jährlich,Produktiv,07.02.2026,
AUF-000022,B-201405300002,WA1-W-10851/877,5. Blei messen,Blei messen,Der Bleigehalt im Ablaufwasser ist einmal jährlich zu bestimmen.,Probenahmeübersichtsplan,GSA-004,GSA04,04.02.2028,jährlich,Produktiv,08.10.2025,
AUF-000023,B-201405300002,WA1-W-10851/877,10. KW-Index messen,KW-Index messen,Die Konzentration an Mineralölkohlenwasserstoffen ist regelmäßig zu kontrollieren.,Probenahmeübersichtsplan,GSA-001,GSA01,21.04.2028,halbjährlich,Produktiv,04.05.2026,
AUF-000024,B-201405300002,WA1-W-10851/877,49. Nickel messen,Nickel messen,Nickel ist einmal jährlich im Ablauf zu bestimmen.,Probenahmeübersichtsplan,GSA-001,GSA01,01.08.2030,jährlich,Produktiv,10.08.2025,
AUF-000025,B-201405300002,WA1-W-10851/877,25. Cadmium messen,Cadmium messen,"Cadmium ist jährlich im Ablauf zu messen und darf den Grenzwert von 0,1 mg/l nicht überschreiten.",Probenahmeübersichtsplan,GSA-002,GSA02,21.05.2030,jährlich,Produktiv,02.11.2025,
AUF-000026,B-201012070003,WA1-W-80284/227,20. Ölbindemittel bereit,Ölbindemittel bereitstellen,Auf der Baustelle sind stets ausreichende Mengen an Ölbindemitteln bereitzuhalten.,EBauH,GSA-002,GSA02,,EINM,Produktiv,08.08.2025,
AUF-000027,B-201012070003,WA1-W-80284/227,49. Baustellensicherung ,Baustellensicherung durchführen,Die Baustelle ist gemäß §90 StVO abzusichern.,EBauH,GSA-001,GSA01,,BEGL,Produktiv,31.07.2025,
AUF-000028,B-201012070003,WA1-W-80284/227,17. Baustellenabwasser b,Baustellenabwasser behandeln,Anfallende Bauwässer sind vor Einleitung in das Gewässer zu behandeln.,EBauH,GSA-001,GSA01,,BEGL,Produktiv,28.03.2026,
AUF-000029,B-201012070003,WA1-W-80284/227,36. Mahd durchführen,Mahd durchführen,Die Böschungen sind mindestens zweimal jährlich zu mähen und das Mähgut ist abzutragen.,EBeH,GSA-001,GSA01,05.06.2028,2x_jährlich,Produktiv,28.03.2026,
AUF-000030,B-201012070003,WA1-W-80284/227,29. Schieber kontrollier,Schieber kontrollieren,Sämtliche Armaturen sind regelmäßig auf Dichtheit zu kontrollieren.,EBeH,GSA-001,GSA01,29.09.2029,jährlich,Produktiv,18.01.2026,
AUF-000031,B-201012070003,WA1-W-80284/227,19. Rückhaltebecken insp,Rückhaltebecken inspizieren,Eine jährliche Begehung und Inspektion des Rückhaltebeckens ist durchzuführen.,EBeH,GSA-001,GSA01,02.10.2028,halbjährlich,Produktiv,22.06.2025,
AUF-000032,B-201012070003,WA1-W-80284/227,5. Betriebsbuch führen,Betriebsbuch führen,Über alle Betriebsvorgänge ist ein Betriebsbuch zu führen.,EBeH,GSA-002,GSA02,,laufend,Produktiv,01.02.2026,
AUF-000033,B-201012070003,WA1-W-80284/227,8. Neophyten entfernen,Neophyten entfernen,Invasive Neophyten sind unverzüglich nach Auftreten zu entfernen und fachgerecht zu entsorgen.,GUSTAV,GSA-001,GSA01,02.11.2029,jährlich,Produktiv,20.07.2025,
AUF-000034,B-201012070003,WA1-W-80284/227,10. Zink messen,Zink messen,Der Parameter Zink ist jährlich im Ablauf des Rückhaltebeckens zu messen.,Probenahmeübersichtsplan,GSA-001,GSA01,11.12.2028,jährlich,Produktiv,17.05.2026,
AUF-000035,B-201012070003,WA1-W-80284/227,48. KW-Index messen,KW-Index messen,Die Konzentration an Mineralölkohlenwasserstoffen ist regelmäßig zu kontrollieren.,Probenahmeübersichtsplan,GSA-002,GSA02,16.10.2030,halbjährlich,Produktiv,04.11.2025,
AUF-000036,B-201012070003,WA1-W-80284/227,45. Inspektionselement g,Inspektionselement georeferenzieren,Die Lage der Gewässerschutzanlage ist geodätisch zu bestimmen und im GIS zu erfassen.,GIS,GSA-002,GSA02,,EINM,Produktiv,28.01.2026,
AUF-000037,B-200704080004,WA1-W-57819/266,6. Mahd durchführen,Mahd durchführen,Die begrünten Flächen sind regelmäßig zu mähen und freizuhalten.,EBeH,GSA-001,GSA01,28.11.2029,2x_jährlich,Produktiv,27.05.2026,
AUF-000038,B-200704080004,WA1-W-57819/266,39. Schieber kontrollier,Schieber kontrollieren,Sämtliche Armaturen sind regelmäßig auf Dichtheit zu kontrollieren.,EBeH,GSA-001,GSA01,06.04.2029,jährlich,Produktiv,03.06.2026,
AUF-000039,B-200704080004,WA1-W-57819/266,44. Rückhaltebecken insp,Rückhaltebecken inspizieren,Das Rückhaltebecken ist halbjährlich zu inspizieren.,EBeH,GSA-001,GSA01,26.09.2028,halbjährlich,Produktiv,07.07.2025,
AUF-000040,B-200704080004,WA1-W-57819/266,37. Betriebsbuch führen,Betriebsbuch führen,Über alle Betriebsvorgänge ist ein Betriebsbuch zu führen.,EBeH,GSA-001,GSA01,,laufend,Produktiv,19.03.2026,
AUF-000041,B-200704080004,WA1-W-57819/266,42. Neophyten entfernen,Neophyten entfernen,Vorkommen von Japanknöterich (Fallopia japonica) sind regelmäßig zu kontrollieren und zu bekämpfen.,GUSTAV,GSA-001,GSA01,13.05.2030,jährlich,Produktiv,25.01.2026,
AUF-000042,B-200704080004,WA1-W-57819/266,28. Gehölzpflege durchfü,Gehölzpflege durchführen,Strauch- und Baumschnitt ist nach fachlichen Grundsätzen durchzuführen.,GUSTAV,GSA-001,GSA01,26.09.2030,5-jährlich,Produktiv,01.05.2026,
AUF-000043,B-200704080004,WA1-W-57819/266,27. KW-Index messen,KW-Index messen,Die Konzentration an Mineralölkohlenwasserstoffen ist regelmäßig zu kontrollieren.,Probenahmeübersichtsplan,GSA-001,GSA01,28.05.2029,halbjährlich,Produktiv,03.01.2026,
AUF-000044,B-200704080004,WA1-W-57819/266,27. Nickel messen,Nickel messen,Nickel ist einmal jährlich im Ablauf zu bestimmen.,Probenahmeübersichtsplan,GSA-001,GSA01,21.04.2029,jährlich,Produktiv,20.01.2026,
AUF-000045,B-202006080005,WA1-W-17331/334,3. Mahd durchführen,Mahd durchführen,Die Uferböschungen sind jährlich zu mähen.,EBeH,GSA-001,GSA01,16.07.2030,2x_jährlich,Produktiv,02.05.2026,
AUF-000046,B-202006080005,WA1-W-17331/334,21. Schieber kontrollier,Schieber kontrollieren,Die Schieber und Absperrorgane sind jährlich auf Funktionstüchtigkeit zu prüfen.,EBeH,GSA-001,GSA01,13.11.2028,jährlich,Produktiv,22.11.2025,
AUF-000047,B-202006080005,WA1-W-17331/334,35. Rückhaltebecken insp,Rückhaltebecken inspizieren,Eine jährliche Begehung und Inspektion des Rückhaltebeckens ist durchzuführen.,EBeH,GSA-001,GSA01,21.02.2031,halbjährlich,Produktiv,17.11.2025,
AUF-000048,B-202006080005,WA1-W-17331/334,13. Betriebsbuch führen,Betriebsbuch führen,Sämtliche Wartungs- und Kontrollmaßnahmen sind im Betriebsbuch zu dokumentieren.,EBeH,GSA-001,GSA01,,laufend,Produktiv,02.08.2025,
AUF-000049,B-202006080005,WA1-W-17331/334,29. Neophyten entfernen,Neophyten entfernen,Invasive Neophyten sind unverzüglich nach Auftreten zu entfernen und fachgerecht zu entsorgen.,GUSTAV,GSA-001,GSA01,17.12.2030,jährlich,Produktiv,04.03.2026,
AUF-000050,B-202006080005,WA1-W-17331/334,9. Gehölzpflege durchfü,Gehölzpflege durchführen,Strauch- und Baumschnitt ist nach fachlichen Grundsätzen durchzuführen.,GUSTAV,GSA-001,GSA01,14.07.2030,5-jährlich,Produktiv,04.11.2025,
AUF-000051,B-202006080005,WA1-W-17331/334,2. KW-Index messen,KW-Index messen,Der KW-Index ist halbjährlich im Ablauf zu messen.,Probenahmeübersichtsplan,GSA-001,GSA01,19.02.2028,halbjährlich,Produktiv,18.06.2025,
AUF-000052,B-202006080005,WA1-W-17331/334,27. Nickel messen,Nickel messen,Der Nickelgehalt ist entsprechend der EU-VO 2023/915 jährlich zu messen.,Probenahmeübersichtsplan,GSA-001,GSA01,21.07.2030,jährlich,Produktiv,21.02.2026,
AUF-000053,B-200803160006,WA1-W-80644/369,8. Mahd durchführen,Mahd durchführen,Die begrünten Flächen sind regelmäßig zu mähen und freizuhalten.,EBeH,GSA-001,GSA01,16.01.2030,2x_jährlich,Produktiv,30.03.2026,
AUF-000054,B-200803160006,WA1-W-80644/369,33. Sedimente entfernen,Sedimente entfernen,Sedimentablagerungen sind regelmäßig zu entfernen.,EBeH,GSA-002,GSA02,02.02.2029,3-jährlich,Produktiv,16.11.2025,
AUF-000055,B-200803160006,WA1-W-80644/369,16. Schieber kontrollier,Schieber kontrollieren,Sämtliche Armaturen sind regelmäßig auf Dichtheit zu kontrollieren.,EBeH,GSA-002,GSA02,07.02.2030,jährlich,Produktiv,07.09.2025,
AUF-000056,B-200803160006,WA1-W-80644/369,13. Rückhaltebecken insp,Rückhaltebecken inspizieren,Das Rückhaltebecken ist halbjährlich zu inspizieren.,EBeH,GSA-001,GSA01,09.08.2029,halbjährlich,Produktiv,12.05.2026,
AUF-000057,B-200803160006,WA1-W-80644/369,50. Betriebsbuch führen,Betriebsbuch führen,Sämtliche Wartungs- und Kontrollmaßnahmen sind im Betriebsbuch zu dokumentieren.,EBeH,GSA-002,GSA02,,laufend,Produktiv,24.12.2025,
AUF-000058,B-200803160006,WA1-W-80644/369,1. §134 Überprüfung dur,§134 Überprüfung durchführen,Eine Überprüfung nach §134 WRG ist alle 10 Jahre durchzuführen.,EBeH,GSA-003,GSA03,14.12.2028,10-jährlich,Produktiv,15.01.2026,
AUF-000059,B-200803160006,WA1-W-80644/369,43. Neophyten entfernen,Neophyten entfernen,Vorkommen von Japanknöterich (Fallopia japonica) sind regelmäßig zu kontrollieren und zu bekämpfen.,GUSTAV,GSA-003,GSA03,15.09.2030,jährlich,Produktiv,01.04.2026,
AUF-000060,B-200803160006,WA1-W-80644/369,31. Pflegeplan einhalten,Pflegeplan einhalten,Der Pflegeplan ist jährlich umzusetzen und die Maßnahmen sind zu dokumentieren.,GUSTAV,GSA-002,GSA02,23.06.2030,jährlich,Produktiv,28.12.2025,
AUF-000061,B-200803160006,WA1-W-80644/369,25. Neophytenmonitoring ,Neophytenmonitoring durchführen,Eine jährliche Bestandserhebung invasiver Arten ist durchzuführen.,GUSTAV,GSA-003,GSA03,02.07.2030,jährlich,Produktiv,03.01.2026,
AUF-000062,B-200803160006,WA1-W-80644/369,16. Zink messen,Zink messen,Die Zinkkonzentration im Gewässer ist jährlich zu bestimmen.,Probenahmeübersichtsplan,GSA-001,GSA01,14.05.2031,jährlich,Produktiv,17.02.2026,
AUF-000063,B-200803160006,WA1-W-80644/369,21. Blei messen,Blei messen,Der Bleigehalt im Ablaufwasser ist einmal jährlich zu bestimmen.,Probenahmeübersichtsplan,GSA-002,GSA02,13.09.2027,jährlich,Produktiv,20.06.2025,
AUF-000064,B-200803160006,WA1-W-80644/369,43. KW-Index messen,KW-Index messen,Der KW-Index ist halbjährlich im Ablauf zu messen.,Probenahmeübersichtsplan,GSA-002,GSA02,14.08.2029,halbjährlich,Produktiv,06.10.2025,
AUF-000065,B-200803160006,WA1-W-80644/369,38. Nickel messen,Nickel messen,Nickel ist einmal jährlich im Ablauf zu bestimmen.,Probenahmeübersichtsplan,GSA-001,GSA01,09.04.2030,jährlich,Produktiv,26.04.2026,
AUF-000066,B-200803160006,WA1-W-80644/369,34. Cadmium messen,Cadmium messen,"Cadmium ist jährlich im Ablauf zu messen und darf den Grenzwert von 0,1 mg/l nicht überschreiten.",Probenahmeübersichtsplan,GSA-002,GSA02,06.01.2028,jährlich,Produktiv,09.06.2026,
AUF-000067,B-202004060007,WA1-W-60019/710,10. Mahd durchführen,Mahd durchführen,Die Böschungen sind mindestens zweimal jährlich zu mähen und das Mähgut ist abzutragen.,EBeH,GSA-002,GSA02,15.02.2031,2x_jährlich,Produktiv,19.10.2025,
AUF-000068,B-202004060007,WA1-W-60019/710,40. Schieber kontrollier,Schieber kontrollieren,Sämtliche Armaturen sind regelmäßig auf Dichtheit zu kontrollieren.,EBeH,GSA-002,GSA02,09.05.2029,jährlich,Produktiv,19.07.2025,
AUF-000069,B-202004060007,WA1-W-60019/710,44. Rückhaltebecken insp,Rückhaltebecken inspizieren,Eine jährliche Begehung und Inspektion des Rückhaltebeckens ist durchzuführen.,EBeH,GSA-001,GSA01,18.04.2029,halbjährlich,Produktiv,05.01.2026,
AUF-000070,B-202004060007,WA1-W-60019/710,35. Betriebsbuch führen,Betriebsbuch führen,Über alle Betriebsvorgänge ist ein Betriebsbuch zu führen.,EBeH,GSA-002,GSA02,,laufend,Produktiv,04.08.2025,
AUF-000071,B-202004060007,WA1-W-60019/710,41. Neophyten entfernen,Neophyten entfernen,Vorkommen von Japanknöterich (Fallopia japonica) sind regelmäßig zu kontrollieren und zu bekämpfen.,GUSTAV,GSA-001,GSA01,08.10.2028,jährlich,Produktiv,20.02.2026,
AUF-000072,B-202004060007,WA1-W-60019/710,7. Gehölzpflege durchfü,Gehölzpflege durchführen,Die Gehölze sind in einem Abstand von 5 Jahren fachgerecht zurückzuschneiden.,GUSTAV,GSA-001,GSA01,20.11.2029,5-jährlich,Produktiv,01.11.2025,
AUF-000073,B-202004060007,WA1-W-60019/710,20. KW-Index messen,KW-Index messen,Der KW-Index ist halbjährlich im Ablauf zu messen.,Probenahmeübersichtsplan,GSA-001,GSA01,07.05.2031,halbjährlich,Produktiv,24.05.2026,
AUF-000074,B-202004060007,WA1-W-60019/710,23. Nickel messen,Nickel messen,Nickel ist einmal jährlich im Ablauf zu bestimmen.,Probenahmeübersichtsplan,GSA-001,GSA01,05.02.2029,jährlich,Produktiv,08.11.2025,
AUF-000075,B-202102210008,WA1-W-76542/208,37. Mahd durchführen,Mahd durchführen,Die begrünten Flächen sind regelmäßig zu mähen und freizuhalten.,EBeH,GSA-003,GSA03,06.10.2029,2x_jährlich,Zurückgewiesen,,
AUF-000076,B-202102210008,WA1-W-76542/208,12. Schieber kontrollier,Schieber kontrollieren,Die Schieber und Absperrorgane sind jährlich auf Funktionstüchtigkeit zu prüfen.,EBeH,GSA-001,GSA01,29.05.2028,jährlich,Zurückgewiesen,,
AUF-000077,B-202102210008,WA1-W-76542/208,40. Rückhaltebecken insp,Rückhaltebecken inspizieren,Das Rückhaltebecken ist halbjährlich zu inspizieren.,EBeH,GSA-003,GSA03,07.08.2029,halbjährlich,Zurückgewiesen,,
AUF-000078,B-202102210008,WA1-W-76542/208,38. Betriebsbuch führen,Betriebsbuch führen,Über alle Betriebsvorgänge ist ein Betriebsbuch zu führen.,EBeH,GSA-002,GSA02,,laufend,Zurückgewiesen,,
AUF-000079,B-202102210008,WA1-W-76542/208,41. Neophyten entfernen,Neophyten entfernen,Vorkommen von Japanknöterich (Fallopia japonica) sind regelmäßig zu kontrollieren und zu bekämpfen.,GUSTAV,GSA-001,GSA01,15.01.2030,jährlich,Zurückgewiesen,,
AUF-000080,B-202102210008,WA1-W-76542/208,43. Gehölzpflege durchfü,Gehölzpflege durchführen,Die Gehölze sind in einem Abstand von 5 Jahren fachgerecht zurückzuschneiden.,GUSTAV,GSA-002,GSA02,19.11.2028,5-jährlich,Zurückgewiesen,,
AUF-000081,B-202102210008,WA1-W-76542/208,44. KW-Index messen,KW-Index messen,Der KW-Index ist halbjährlich im Ablauf zu messen.,Probenahmeübersichtsplan,GSA-002,GSA02,25.01.2029,halbjährlich,Zurückgewiesen,,
AUF-000082,B-202102210008,WA1-W-76542/208,20. Nickel messen,Nickel messen,Nickel ist einmal jährlich im Ablauf zu bestimmen.,Probenahmeübersichtsplan,GSA-002,GSA02,01.10.2030,jährlich,Zurückgewiesen,,
AUF-000083,B-200707060009,WA1-W-41385/159,20. Ölbindemittel bereit,Ölbindemittel bereitstellen,Auf der Baustelle sind stets ausreichende Mengen an Ölbindemitteln bereitzuhalten.,EBauH,GSA-002,GSA02,,EINM,In Bearbeitung,,
AUF-000084,B-200707060009,WA1-W-41385/159,31. Baustellensicherung ,Baustellensicherung durchführen,Die Baustelle ist gemäß §90 StVO abzusichern.,EBauH,GSA-002,GSA02,,BEGL,In Bearbeitung,,
AUF-000085,B-200707060009,WA1-W-41385/159,25. Baustellenabwasser b,Baustellenabwasser behandeln,Trübe Bauwässer sind über Absetzbecken zu führen.,EBauH,GSA-001,GSA01,,BEGL,In Bearbeitung,,
AUF-000086,B-200707060009,WA1-W-41385/159,45. Mahd durchführen,Mahd durchführen,Die Uferböschungen sind jährlich zu mähen.,EBeH,GSA-003,GSA03,10.02.2029,2x_jährlich,In Bearbeitung,,
AUF-000087,B-200707060009,WA1-W-41385/159,26. Schieber kontrollier,Schieber kontrollieren,Sämtliche Armaturen sind regelmäßig auf Dichtheit zu kontrollieren.,EBeH,GSA-001,GSA01,23.02.2031,jährlich,In Bearbeitung,,
AUF-000088,B-200707060009,WA1-W-41385/159,44. Rückhaltebecken insp,Rückhaltebecken inspizieren,Das Rückhaltebecken ist halbjährlich zu inspizieren.,EBeH,GSA-001,GSA01,18.08.2030,halbjährlich,In Bearbeitung,,
AUF-000089,B-200707060009,WA1-W-41385/159,48. Betriebsbuch führen,Betriebsbuch führen,Sämtliche Wartungs- und Kontrollmaßnahmen sind im Betriebsbuch zu dokumentieren.,EBeH,GSA-003,GSA03,,laufend,In Bearbeitung,,
AUF-000090,B-200707060009,WA1-W-41385/159,39. Neophyten entfernen,Neophyten entfernen,Vorkommen von Japanknöterich (Fallopia japonica) sind regelmäßig zu kontrollieren und zu bekämpfen.,GUSTAV,GSA-002,GSA02,29.09.2028,jährlich,In Bearbeitung,,
AUF-000091,B-200707060009,WA1-W-41385/159,13. Zink messen,Zink messen,Die Zinkkonzentration im Gewässer ist jährlich zu bestimmen.,Probenahmeübersichtsplan,GSA-001,GSA01,09.01.2031,jährlich,In Bearbeitung,,
AUF-000092,B-200707060009,WA1-W-41385/159,44. KW-Index messen,KW-Index messen,Der KW-Index ist halbjährlich im Ablauf zu messen.,Probenahmeübersichtsplan,GSA-003,GSA03,25.02.2031,halbjährlich,In Bearbeitung,,
AUF-000093,B-200707060009,WA1-W-41385/159,42. Inspektionselement g,Inspektionselement georeferenzieren,Alle Anlagenteile sind in das GIS-System einzumessen.,GIS,GSA-003,GSA03,,EINM,In Bearbeitung,,
AUF-000094,B-201406290010,WA1-W-36365/830,3. Mahd durchführen,Mahd durchführen,Die begrünten Flächen sind regelmäßig zu mähen und freizuhalten.,EBeH,GSA-002,GSA02,04.12.2029,2x_jährlich,Zurückgewiesen,,
AUF-000095,B-201406290010,WA1-W-36365/830,6. Sedimente entfernen,Sedimente entfernen,Sedimentablagerungen sind regelmäßig zu entfernen.,EBeH,GSA-002,GSA02,11.03.2028,3-jährlich,Zurückgewiesen,,
AUF-000096,B-201406290010,WA1-W-36365/830,12. Schieber kontrollier,Schieber kontrollieren,Die Schieber und Absperrorgane sind jährlich auf Funktionstüchtigkeit zu prüfen.,EBeH,GSA-002,GSA02,13.10.2029,jährlich,Zurückgewiesen,,
AUF-000097,B-201406290010,WA1-W-36365/830,24. Rückhaltebecken insp,Rückhaltebecken inspizieren,Eine jährliche Begehung und Inspektion des Rückhaltebeckens ist durchzuführen.,EBeH,GSA-001,GSA01,24.06.2030,halbjährlich,Zurückgewiesen,,
AUF-000098,B-201406290010,WA1-W-36365/830,17. Betriebsbuch führen,Betriebsbuch führen,Sämtliche Wartungs- und Kontrollmaßnahmen sind im Betriebsbuch zu dokumentieren.,EBeH,GSA-001,GSA01,,laufend,Zurückgewiesen,,
AUF-000099,B-201406290010,WA1-W-36365/830,8. §134 Überprüfung dur,§134 Überprüfung durchführen,Eine Überprüfung nach §134 WRG ist alle 10 Jahre durchzuführen.,EBeH,GSA-002,GSA02,09.05.2029,10-jährlich,Zurückgewiesen,,
AUF-000100,B-201406290010,WA1-W-36365/830,49. Neophyten entfernen,Neophyten entfernen,Invasive Neophyten sind unverzüglich nach Auftreten zu entfernen und fachgerecht zu entsorgen.,GUSTAV,GSA-001,GSA01,30.03.2028,jährlich,Zurückgewiesen,,
AUF-000101,B-201406290010,WA1-W-36365/830,26. Pflegeplan einhalten,Pflegeplan einhalten,Der Pflegeplan ist jährlich umzusetzen und die Maßnahmen sind zu dokumentieren.,GUSTAV,GSA-003,GSA03,28.03.2031,jährlich,Zurückgewiesen,,
AUF-000102,B-201406290010,WA1-W-36365/830,1. Neophytenmonitoring ,Neophytenmonitoring durchführen,Eine jährliche Bestandserhebung invasiver Arten ist durchzuführen.,GUSTAV,GSA-001,GSA01,01.09.2029,jährlich,Zurückgewiesen,,
AUF-000103,B-201406290010,WA1-W-36365/830,30. Zink messen,Zink messen,Die Zinkkonzentration im Gewässer ist jährlich zu bestimmen.,Probenahmeübersichtsplan,GSA-003,GSA03,24.02.2028,jährlich,Zurückgewiesen,,
AUF-000104,B-201406290010,WA1-W-36365/830,38. Blei messen,Blei messen,Der Bleigehalt im Ablaufwasser ist einmal jährlich zu bestimmen.,Probenahmeübersichtsplan,GSA-003,GSA03,03.12.2028,jährlich,Zurückgewiesen,,
AUF-000105,B-201406290010,WA1-W-36365/830,44. KW-Index messen,KW-Index messen,Der KW-Index ist halbjährlich im Ablauf zu messen.,Probenahmeübersichtsplan,GSA-002,GSA02,23.01.2028,halbjährlich,Zurückgewiesen,,
AUF-000106,B-201406290010,WA1-W-36365/830,21. Nickel messen,Nickel messen,Der Nickelgehalt ist entsprechend der EU-VO 2023/915 jährlich zu messen.,Probenahmeübersichtsplan,GSA-003,GSA03,08.08.2030,jährlich,Zurückgewiesen,,
AUF-000107,B-201406290010,WA1-W-36365/830,45. Cadmium messen,Cadmium messen,"Cadmium ist jährlich im Ablauf zu messen und darf den Grenzwert von 0,1 mg/l nicht überschreiten.",Probenahmeübersichtsplan,GSA-003,GSA03,21.01.2030,jährlich,Zurückgewiesen,,
AUF-000108,B-200912100011,WA1-W-17716/334,9. Ölbindemittel bereit,Ölbindemittel bereitstellen,Auf der Baustelle sind stets ausreichende Mengen an Ölbindemitteln bereitzuhalten.,EBauH,GSA-001,GSA01,,EINM,Produktiv,28.05.2026,
AUF-000109,B-200912100011,WA1-W-17716/334,32. Baustellensicherung ,Baustellensicherung durchführen,Die Baustelle ist gemäß §90 StVO abzusichern.,EBauH,GSA-002,GSA02,,BEGL,Produktiv,28.04.2026,
AUF-000110,B-200912100011,WA1-W-17716/334,35. Baustellenabwasser b,Baustellenabwasser behandeln,Anfallende Bauwässer sind vor Einleitung in das Gewässer zu behandeln.,EBauH,GSA-001,GSA01,,BEGL,Produktiv,30.11.2025,
AUF-000111,B-200912100011,WA1-W-17716/334,43. Mahd durchführen,Mahd durchführen,Die begrünten Flächen sind regelmäßig zu mähen und freizuhalten.,EBeH,GSA-002,GSA02,14.07.2029,2x_jährlich,Produktiv,25.06.2025,
AUF-000112,B-200912100011,WA1-W-17716/334,38. Schieber kontrollier,Schieber kontrollieren,Die Schieber und Absperrorgane sind jährlich auf Funktionstüchtigkeit zu prüfen.,EBeH,GSA-003,GSA03,21.10.2029,jährlich,Produktiv,16.11.2025,
AUF-000113,B-200912100011,WA1-W-17716/334,32. Rückhaltebecken insp,Rückhaltebecken inspizieren,Eine jährliche Begehung und Inspektion des Rückhaltebeckens ist durchzuführen.,EBeH,GSA-003,GSA03,04.01.2028,halbjährlich,Produktiv,24.01.2026,
AUF-000114,B-200912100011,WA1-W-17716/334,45. Betriebsbuch führen,Betriebsbuch führen,Sämtliche Wartungs- und Kontrollmaßnahmen sind im Betriebsbuch zu dokumentieren.,EBeH,GSA-001,GSA01,,laufend,Produktiv,25.02.2026,
AUF-000115,B-200912100011,WA1-W-17716/334,16. Neophyten entfernen,Neophyten entfernen,Vorkommen von Japanknöterich (Fallopia japonica) sind regelmäßig zu kontrollieren und zu bekämpfen.,GUSTAV,GSA-002,GSA02,12.12.2029,jährlich,Produktiv,27.04.2026,
AUF-000116,B-200912100011,WA1-W-17716/334,35. Zink messen,Zink messen,Die Zinkkonzentration im Gewässer ist jährlich zu bestimmen.,Probenahmeübersichtsplan,GSA-003,GSA03,07.07.2029,jährlich,Produktiv,16.05.2026,
AUF-000117,B-200912100011,WA1-W-17716/334,30. KW-Index messen,KW-Index messen,Der KW-Index ist halbjährlich im Ablauf zu messen.,Probenahmeübersichtsplan,GSA-001,GSA01,21.02.2028,halbjährlich,Produktiv,12.07.2025,
AUF-000118,B-200912100011,WA1-W-17716/334,39. Inspektionselement g,Inspektionselement georeferenzieren,Alle Anlagenteile sind in das GIS-System einzumessen.,GIS,GSA-003,GSA03,,EINM,Produktiv,22.05.2026,
AUF-000119,B-201402170012,WA1-W-66498/462,9. Mahd durchführen,Mahd durchführen,Die begrünten Flächen sind regelmäßig zu mähen und freizuhalten.,EBeH,GSA-001,GSA01,26.10.2028,2x_jährlich,Produktiv,03.03.2026,
AUF-000120,B-201402170012,WA1-W-66498/462,14. Sedimente entfernen,Sedimente entfernen,"Das Rückhaltebecken ist bei Bedarf, mindestens jedoch alle 3 Jahre zu räumen.",EBeH,GSA-001,GSA01,25.07.2030,3-jährlich,Produktiv,17.02.2026,
AUF-000121,B-201402170012,WA1-W-66498/462,39. Schieber kontrollier,Schieber kontrollieren,Die Schieber und Absperrorgane sind jährlich auf Funktionstüchtigkeit zu prüfen.,EBeH,GSA-001,GSA01,13.04.2028,jährlich,Produktiv,26.01.2026,
AUF-000122,B-201402170012,WA1-W-66498/462,35. Rückhaltebecken insp,Rückhaltebecken inspizieren,Eine jährliche Begehung und Inspektion des Rückhaltebeckens ist durchzuführen.,EBeH,GSA-001,GSA01,08.03.2028,halbjährlich,Produktiv,19.03.2026,
AUF-000123,B-201402170012,WA1-W-66498/462,43. Betriebsbuch führen,Betriebsbuch führen,Über alle Betriebsvorgänge ist ein Betriebsbuch zu führen.,EBeH,GSA-001,GSA01,,laufend,Produktiv,10.04.2026,
AUF-000124,B-201402170012,WA1-W-66498/462,16. §134 Überprüfung dur,§134 Überprüfung durchführen,Eine Überprüfung nach §134 WRG ist alle 10 Jahre durchzuführen.,EBeH,GSA-001,GSA01,18.06.2029,10-jährlich,Produktiv,08.06.2026,
AUF-000125,B-201402170012,WA1-W-66498/462,4. Neophyten entfernen,Neophyten entfernen,Invasive Neophyten sind unverzüglich nach Auftreten zu entfernen und fachgerecht zu entsorgen.,GUSTAV,GSA-001,GSA01,10.12.2028,jährlich,Produktiv,13.11.2025,
AUF-000126,B-201402170012,WA1-W-66498/462,31. Pflegeplan einhalten,Pflegeplan einhalten,Der Pflegeplan ist jährlich umzusetzen und die Maßnahmen sind zu dokumentieren.,GUSTAV,GSA-001,GSA01,24.10.2027,jährlich,Produktiv,13.12.2025,
AUF-000127,B-201402170012,WA1-W-66498/462,33. Neophytenmonitoring ,Neophytenmonitoring durchführen,Der Bestand an Neophyten ist jährlich zu kartieren und die Ergebnisse sind der Behörde zu melden.,GUSTAV,GSA-001,GSA01,27.12.2029,jährlich,Produktiv,06.08.2025,
AUF-000128,B-201402170012,WA1-W-66498/462,34. Zink messen,Zink messen,Die Zinkkonzentration im Gewässer ist jährlich zu bestimmen.,Probenahmeübersichtsplan,GSA-001,GSA01,24.02.2031,jährlich,Produktiv,25.10.2025,
AUF-000129,B-201402170012,WA1-W-66498/462,31. Blei messen,Blei messen,Der Bleigehalt im Ablaufwasser ist einmal jährlich zu bestimmen.,Probenahmeübersichtsplan,GSA-001,GSA01,18.10.2027,jährlich,Produktiv,10.11.2025,
AUF-000130,B-201402170012,WA1-W-66498/462,29. KW-Index messen,KW-Index messen,Der KW-Index ist halbjährlich im Ablauf zu messen.,Probenahmeübersichtsplan,GSA-001,GSA01,13.06.2031,halbjährlich,Produktiv,06.05.2026,
AUF-000131,B-201402170012,WA1-W-66498/462,9. Nickel messen,Nickel messen,Nickel ist einmal jährlich im Ablauf zu bestimmen.,Probenahmeübersichtsplan,GSA-001,GSA01,28.10.2027,jährlich,Produktiv,01.08.2025,
AUF-000132,B-201402170012,WA1-W-66498/462,39. Cadmium messen,Cadmium messen,"Cadmium ist jährlich im Ablauf zu messen und darf den Grenzwert von 0,1 mg/l nicht überschreiten.",Probenahmeübersichtsplan,GSA-001,GSA01,04.08.2029,jährlich,Produktiv,27.10.2025,
AUF-000133,B-200802230013,WA1-W-42742/995,45. Mahd durchführen,Mahd durchführen,Die Böschungen sind mindestens zweimal jährlich zu mähen und das Mähgut ist abzutragen.,EBeH,GSA-002,GSA02,05.01.2028,2x_jährlich,Produktiv,16.07.2025,
AUF-000134,B-200802230013,WA1-W-42742/995,29. Sedimente entfernen,Sedimente entfernen,"Das Rückhaltebecken ist bei Bedarf, mindestens jedoch alle 3 Jahre zu räumen.",EBeH,GSA-001,GSA01,12.11.2029,3-jährlich,Produktiv,17.11.2025,
AUF-000135,B-200802230013,WA1-W-42742/995,26. Schieber kontrollier,Schieber kontrollieren,Sämtliche Armaturen sind regelmäßig auf Dichtheit zu kontrollieren.,EBeH,GSA-002,GSA02,30.12.2029,jährlich,Produktiv,29.04.2026,
AUF-000136,B-200802230013,WA1-W-42742/995,21. Rückhaltebecken insp,Rückhaltebecken inspizieren,Eine jährliche Begehung und Inspektion des Rückhaltebeckens ist durchzuführen.,EBeH,GSA-002,GSA02,06.11.2029,halbjährlich,Produktiv,07.12.2025,
AUF-000137,B-200802230013,WA1-W-42742/995,44. Betriebsbuch führen,Betriebsbuch führen,Sämtliche Wartungs- und Kontrollmaßnahmen sind im Betriebsbuch zu dokumentieren.,EBeH,GSA-001,GSA01,,laufend,Produktiv,13.05.2026,
AUF-000138,B-200802230013,WA1-W-42742/995,6. §134 Überprüfung dur,§134 Überprüfung durchführen,Eine Überprüfung nach §134 WRG ist alle 10 Jahre durchzuführen.,EBeH,GSA-001,GSA01,07.12.2027,10-jährlich,Produktiv,28.04.2026,
AUF-000139,B-200802230013,WA1-W-42742/995,36. Neophyten entfernen,Neophyten entfernen,Invasive Neophyten sind unverzüglich nach Auftreten zu entfernen und fachgerecht zu entsorgen.,GUSTAV,GSA-002,GSA02,08.03.2028,jährlich,Produktiv,20.08.2025,
AUF-000140,B-200802230013,WA1-W-42742/995,8. Pflegeplan einhalten,Pflegeplan einhalten,Der Pflegeplan ist jährlich umzusetzen und die Maßnahmen sind zu dokumentieren.,GUSTAV,GSA-002,GSA02,19.03.2031,jährlich,Produktiv,17.12.2025,
AUF-000141,B-200802230013,WA1-W-42742/995,19. Neophytenmonitoring ,Neophytenmonitoring durchführen,Eine jährliche Bestandserhebung invasiver Arten ist durchzuführen.,GUSTAV,GSA-002,GSA02,29.09.2027,jährlich,Produktiv,18.12.2025,
AUF-000142,B-200802230013,WA1-W-42742/995,33. Zink messen,Zink messen,Der Parameter Zink ist jährlich im Ablauf des Rückhaltebeckens zu messen.,Probenahmeübersichtsplan,GSA-001,GSA01,11.09.2030,jährlich,Produktiv,29.03.2026,
AUF-000143,B-200802230013,WA1-W-42742/995,23. Blei messen,Blei messen,Der Bleigehalt im Ablaufwasser ist einmal jährlich zu bestimmen.,Probenahmeübersichtsplan,GSA-001,GSA01,23.01.2028,jährlich,Produktiv,19.04.2026,
AUF-000144,B-200802230013,WA1-W-42742/995,36. KW-Index messen,KW-Index messen,Der KW-Index ist halbjährlich im Ablauf zu messen.,Probenahmeübersichtsplan,GSA-001,GSA01,10.11.2029,halbjährlich,Produktiv,09.08.2025,
AUF-000145,B-200802230013,WA1-W-42742/995,12. Nickel messen,Nickel messen,Nickel ist einmal jährlich im Ablauf zu bestimmen.,Probenahmeübersichtsplan,GSA-002,GSA02,14.08.2027,jährlich,Produktiv,22.06.2025,
AUF-000146,B-200802230013,WA1-W-42742/995,1. Cadmium messen,Cadmium messen,"Cadmium ist jährlich im Ablauf zu messen und darf den Grenzwert von 0,1 mg/l nicht überschreiten.",Probenahmeübersichtsplan,GSA-002,GSA02,03.06.2029,jährlich,Produktiv,04.04.2026,
AUF-000147,B-200604260014,WA1-W-44760/902,10. Mahd durchführen,Mahd durchführen,Die begrünten Flächen sind regelmäßig zu mähen und freizuhalten.,EBeH,GSA-004,GSA04,05.11.2027,2x_jährlich,Produktiv,27.07.2025,
AUF-000148,B-200604260014,WA1-W-44760/902,48. Schieber kontrollier,Schieber kontrollieren,Die Schieber und Absperrorgane sind jährlich auf Funktionstüchtigkeit zu prüfen.,EBeH,GSA-001,GSA01,20.12.2027,jährlich,Produktiv,06.12.2025,
AUF-000149,B-200604260014,WA1-W-44760/902,22. Rückhaltebecken insp,Rückhaltebecken inspizieren,Das Rückhaltebecken ist halbjährlich zu inspizieren.,EBeH,GSA-004,GSA04,31.12.2029,halbjährlich,Produktiv,09.12.2025,
AUF-000150,B-200604260014,WA1-W-44760/902,47. Betriebsbuch führen,Betriebsbuch führen,Sämtliche Wartungs- und Kontrollmaßnahmen sind im Betriebsbuch zu dokumentieren.,EBeH,GSA-003,GSA03,,laufend,Produktiv,30.08.2025,
AUF-000151,B-200604260014,WA1-W-44760/902,10. Neophyten entfernen,Neophyten entfernen,Invasive Neophyten sind unverzüglich nach Auftreten zu entfernen und fachgerecht zu entsorgen.,GUSTAV,GSA-001,GSA01,01.10.2027,jährlich,Produktiv,04.08.2025,
AUF-000152,B-200604260014,WA1-W-44760/902,6. Gehölzpflege durchfü,Gehölzpflege durchführen,Strauch- und Baumschnitt ist nach fachlichen Grundsätzen durchzuführen.,GUSTAV,GSA-001,GSA01,27.03.2031,5-jährlich,Produktiv,02.11.2025,
AUF-000153,B-200604260014,WA1-W-44760/902,39. KW-Index messen,KW-Index messen,Die Konzentration an Mineralölkohlenwasserstoffen ist regelmäßig zu kontrollieren.,Probenahmeübersichtsplan,GSA-004,GSA04,06.03.2030,halbjährlich,Produktiv,16.11.2025,
AUF-000154,B-200604260014,WA1-W-44760/902,28. Nickel messen,Nickel messen,Der Nickelgehalt ist entsprechend der EU-VO 2023/915 jährlich zu messen.,Probenahmeübersichtsplan,GSA-001,GSA01,22.05.2029,jährlich,Produktiv,22.01.2026,
AUF-000155,B-201802070015,WA1-W-30635/158,34. Ölbindemittel bereit,Ölbindemittel bereitstellen,Ölbindemittel sind in einem verschlossenen Behälter vor Ort vorzuhalten.,EBauH,GSA-001,GSA01,,EINM,Produktiv,24.05.2026,
AUF-000156,B-201802070015,WA1-W-30635/158,26. Baustellensicherung ,Baustellensicherung durchführen,Die Baustelle ist gemäß §90 StVO abzusichern.,EBauH,GSA-001,GSA01,,BEGL,Produktiv,13.06.2026,
AUF-000157,B-201802070015,WA1-W-30635/158,20. Baustellenabwasser b,Baustellenabwasser behandeln,Anfallende Bauwässer sind vor Einleitung in das Gewässer zu behandeln.,EBauH,GSA-001,GSA01,,BEGL,Produktiv,07.04.2026,
AUF-000158,B-201802070015,WA1-W-30635/158,21. Mahd durchführen,Mahd durchführen,Die Böschungen sind mindestens zweimal jährlich zu mähen und das Mähgut ist abzutragen.,EBeH,GSA-001,GSA01,28.01.2029,2x_jährlich,Produktiv,13.06.2026,
AUF-000159,B-201802070015,WA1-W-30635/158,12. Schieber kontrollier,Schieber kontrollieren,Die Schieber und Absperrorgane sind jährlich auf Funktionstüchtigkeit zu prüfen.,EBeH,GSA-001,GSA01,13.11.2029,jährlich,Produktiv,04.12.2025,
AUF-000160,B-201802070015,WA1-W-30635/158,36. Rückhaltebecken insp,Rückhaltebecken inspizieren,Eine jährliche Begehung und Inspektion des Rückhaltebeckens ist durchzuführen.,EBeH,GSA-001,GSA01,05.04.2030,halbjährlich,Produktiv,11.05.2026,
AUF-000161,B-201802070015,WA1-W-30635/158,48. Betriebsbuch führen,Betriebsbuch führen,Über alle Betriebsvorgänge ist ein Betriebsbuch zu führen.,EBeH,GSA-001,GSA01,,laufend,Produktiv,05.11.2025,
AUF-000162,B-201802070015,WA1-W-30635/158,5. Neophyten entfernen,Neophyten entfernen,Vorkommen von Japanknöterich (Fallopia japonica) sind regelmäßig zu kontrollieren und zu bekämpfen.,GUSTAV,GSA-001,GSA01,12.01.2030,jährlich,Produktiv,26.08.2025,
AUF-000163,B-201802070015,WA1-W-30635/158,26. Zink messen,Zink messen,Die Zinkkonzentration im Gewässer ist jährlich zu bestimmen.,Probenahmeübersichtsplan,GSA-001,GSA01,02.09.2030,jährlich,Produktiv,19.01.2026,
AUF-000164,B-201802070015,WA1-W-30635/158,11. KW-Index messen,KW-Index messen,Die Konzentration an Mineralölkohlenwasserstoffen ist regelmäßig zu kontrollieren.,Probenahmeübersichtsplan,GSA-001,GSA01,11.04.2029,halbjährlich,Produktiv,28.06.2025,
AUF-000165,B-201802070015,WA1-W-30635/158,28. Inspektionselement g,Inspektionselement georeferenzieren,Alle Anlagenteile sind in das GIS-System einzumessen.,GIS,GSA-001,GSA01,,EINM,Produktiv,12.02.2026,
